{"pos": [0, 0, 0], "fov": 60, "theta": 2.0943951023931953, "phi": 0.17453292519943295, "location_index": 1, "theta_index": 4, "phi_index": 1, "clip_start": 0.30000001192092896, "clip_end": 5.5, "vertical_fov": 0.8172757347349128, "horizontal_fov": 1.0471975803375244}